transaction_id,account_id,category_id,amount,payment_method,transaction_date
1,70,2,3490,Bank Transfer,10/21/2025
2,36,4,3158,Credit Card,2/2/2026
3,50,8,1547,Bank Transfer,8/19/2025
4,46,7,50,Bank Transfer,11/9/2025
5,72,7,595,Bank Transfer,2/2/2026
6,118,8,228,E-wallet,8/27/2025
7,77,3,1000,Bank Transfer,8/18/2025
8,13,1,4220,QR Payment,1/20/2026
9,22,4,2097,QR Payment,5/8/2026
10,113,2,344,Bank Transfer,10/11/2025
11,56,4,1695,Debit Card,2/17/2026
12,84,4,1095,E-wallet,8/15/2025
13,107,2,2086,QR Payment,8/31/2025
14,70,7,3816,E-wallet,1/25/2026
15,13,5,3147,QR Payment,11/24/2025
16,101,5,4462,E-wallet,5/2/2026
17,73,8,3949,Debit Card,12/1/2025
18,89,4,2263,Credit Card,2/23/2026
19,28,7,2595,Debit Card,7/9/2025
20,18,7,4904,Bank Transfer,7/14/2025
21,113,5,169,Debit Card,10/1/2025
22,103,7,1258,QR Payment,5/11/2026
23,7,4,4753,Debit Card,7/3/2025
24,84,1,1341,QR Payment,1/27/2026
25,86,6,3019,QR Payment,1/9/2026
26,43,5,4331,QR Payment,10/21/2025
27,28,8,2451,Credit Card,5/1/2026
28,80,6,857,Bank Transfer,7/1/2025
29,106,6,1381,Bank Transfer,6/18/2025
30,10,8,4424,Credit Card,8/7/2025
31,40,2,2597,Debit Card,7/8/2025
32,3,1,1592,QR Payment,3/19/2026
33,79,1,1394,Bank Transfer,7/5/2025
34,75,6,1531,QR Payment,8/10/2025
35,92,2,1520,Credit Card,10/4/2025
36,103,4,278,Debit Card,11/16/2025
37,24,4,2495,QR Payment,12/16/2025
38,38,1,4632,QR Payment,3/14/2026
39,97,3,708,Credit Card,4/28/2026
40,88,8,2333,QR Payment,10/21/2025
41,33,6,2869,Debit Card,10/16/2025
42,7,8,3694,Debit Card,3/25/2026
43,81,5,798,E-wallet,5/30/2025
44,82,3,1292,Bank Transfer,11/17/2025
45,92,7,404,E-wallet,1/25/2026
46,112,8,2500,E-wallet,6/2/2025
47,36,1,3479,Bank Transfer,2/21/2026
48,84,6,2731,Credit Card,12/22/2025
49,114,7,3426,E-wallet,2/26/2026
50,21,8,447,Bank Transfer,5/1/2026
51,5,5,1994,QR Payment,9/4/2025
52,87,8,2242,Debit Card,9/28/2025
53,84,8,2399,Debit Card,7/5/2025
54,65,7,891,Debit Card,8/22/2025
55,9,6,1858,Credit Card,6/24/2025
56,10,3,81,QR Payment,12/9/2025
57,51,2,3037,E-wallet,7/2/2025
58,64,3,2659,Debit Card,10/23/2025
59,73,7,3860,Bank Transfer,6/7/2025
60,32,8,1298,E-wallet,10/5/2025
61,5,1,2602,E-wallet,2/17/2026
62,54,3,2156,E-wallet,6/2/2025
63,70,2,854,Credit Card,1/7/2026
64,12,3,1675,Bank Transfer,3/22/2026
65,71,7,1708,QR Payment,1/25/2026
66,2,8,3833,E-wallet,8/20/2025
67,111,5,655,Debit Card,9/21/2025
68,15,8,4141,QR Payment,10/12/2025
69,110,7,3302,Bank Transfer,3/18/2026
70,106,2,3605,Bank Transfer,3/9/2026
71,95,2,2955,E-wallet,3/30/2026
72,108,5,735,Credit Card,3/15/2026
73,96,8,3870,E-wallet,1/23/2026
74,67,2,4112,Debit Card,8/26/2025
75,102,8,4309,E-wallet,1/14/2026
76,34,6,3690,Bank Transfer,2/21/2026
77,116,1,1469,Debit Card,5/27/2025
78,24,8,1964,E-wallet,12/14/2025
79,86,1,283,E-wallet,3/17/2026
80,24,7,4842,E-wallet,1/5/2026
81,107,5,2213,Credit Card,8/18/2025
82,21,8,3542,QR Payment,9/30/2025
83,119,1,834,E-wallet,1/13/2026
84,35,2,34,Bank Transfer,1/17/2026
85,97,5,4843,QR Payment,5/15/2026
86,5,8,4790,Credit Card,12/1/2025
87,82,8,115,QR Payment,3/1/2026
88,46,6,4833,E-wallet,3/22/2026
89,57,4,3166,Debit Card,6/7/2025
90,68,2,1213,QR Payment,7/29/2025
91,1,2,616,QR Payment,5/11/2026
92,45,7,3144,E-wallet,9/19/2025
93,70,5,2147,QR Payment,6/3/2025
94,77,4,4626,QR Payment,2/25/2026
95,120,2,2804,Debit Card,12/28/2025
96,16,6,2333,Bank Transfer,7/12/2025
97,30,4,2180,QR Payment,1/22/2026
98,106,6,2586,QR Payment,1/25/2026
99,87,1,4404,Credit Card,6/22/2025
100,26,1,4319,Debit Card,10/18/2025
101,18,4,523,Credit Card,3/28/2026
102,104,5,3803,E-wallet,2/13/2026
103,93,7,4297,Debit Card,6/6/2025
104,109,5,1037,E-wallet,4/21/2026
105,2,7,3624,E-wallet,4/24/2026
106,102,5,772,E-wallet,1/25/2026
107,84,8,2639,Debit Card,4/20/2026
108,25,1,4542,Credit Card,8/22/2025
109,99,1,4319,QR Payment,3/23/2026
110,70,1,814,Credit Card,3/28/2026
111,2,7,1490,QR Payment,4/24/2026
112,91,2,3919,Bank Transfer,2/26/2026
113,93,5,1018,Bank Transfer,6/1/2025
114,95,5,1435,Credit Card,12/15/2025
115,66,3,1721,Credit Card,6/11/2025
116,29,2,3223,Debit Card,6/17/2025
117,45,2,4669,QR Payment,3/22/2026
118,104,3,2250,Bank Transfer,9/1/2025
119,10,8,527,Bank Transfer,2/23/2026
120,119,8,581,QR Payment,5/17/2026
121,50,5,3914,Bank Transfer,1/7/2026
122,61,5,4586,Debit Card,3/22/2026
123,78,2,1168,E-wallet,7/23/2025
124,29,3,1196,Bank Transfer,10/2/2025
125,62,1,4354,Bank Transfer,12/4/2025
126,37,1,2245,QR Payment,4/9/2026
127,58,2,1448,Bank Transfer,3/17/2026
128,107,7,2547,Bank Transfer,6/4/2025
129,54,1,3609,Debit Card,8/24/2025
130,46,6,2491,E-wallet,12/17/2025
131,8,7,3420,Debit Card,9/27/2025
132,34,2,4508,E-wallet,5/15/2026
133,71,4,1858,Credit Card,11/14/2025
134,60,6,1655,Debit Card,9/12/2025
135,85,2,4308,Bank Transfer,1/12/2026
136,120,6,3391,Debit Card,1/17/2026
137,7,7,846,QR Payment,2/6/2026
138,23,8,2923,Bank Transfer,9/30/2025
139,31,3,1346,E-wallet,10/3/2025
140,90,8,775,E-wallet,8/8/2025
141,14,2,85,E-wallet,7/5/2025
142,90,5,1211,Bank Transfer,7/14/2025
143,89,4,2197,Credit Card,8/23/2025
144,32,4,553,Bank Transfer,11/15/2025
145,33,5,3094,Credit Card,1/19/2026
146,49,2,3298,Bank Transfer,10/26/2025
147,109,1,2219,Debit Card,12/6/2025
148,50,5,4619,E-wallet,1/26/2026
149,115,5,4562,Debit Card,1/26/2026
150,100,4,3999,Debit Card,12/30/2025
151,2,3,4848,Credit Card,5/2/2026
152,87,4,4533,Credit Card,4/20/2026
153,43,7,1952,E-wallet,6/14/2025
154,77,1,1935,Debit Card,6/10/2025
155,72,2,2118,Bank Transfer,3/23/2026
156,101,8,2258,Credit Card,6/8/2025
157,48,3,572,E-wallet,10/18/2025
158,110,2,4727,E-wallet,2/20/2026
159,14,6,3026,Credit Card,4/20/2026
160,104,3,2551,Debit Card,4/22/2026
161,46,2,1341,E-wallet,5/29/2025
162,66,3,3991,Credit Card,11/28/2025
163,75,3,220,Credit Card,6/30/2025
164,97,2,3245,QR Payment,6/18/2025
165,10,8,3464,E-wallet,10/29/2025
166,4,3,3558,QR Payment,10/23/2025
167,44,1,66,Credit Card,9/28/2025
168,35,7,1719,Debit Card,10/25/2025
169,46,3,4775,Debit Card,7/14/2025
170,31,1,4008,QR Payment,10/31/2025
171,106,2,353,Bank Transfer,12/23/2025
172,95,4,1061,E-wallet,3/29/2026
173,48,2,1881,QR Payment,2/5/2026
174,54,5,706,Credit Card,10/21/2025
175,34,2,991,Debit Card,7/21/2025
176,2,5,2719,Credit Card,9/4/2025
177,60,8,4390,Debit Card,1/18/2026
178,34,5,1874,QR Payment,6/3/2025
179,25,7,2669,E-wallet,1/17/2026
180,48,8,4227,Bank Transfer,1/19/2026
181,26,7,2655,Credit Card,7/1/2025
182,114,8,4272,E-wallet,11/27/2025
183,30,2,2800,Credit Card,6/28/2025
184,7,4,1399,Bank Transfer,9/12/2025
185,10,2,1292,Credit Card,9/10/2025
186,12,3,2615,Bank Transfer,7/3/2025
187,13,4,1764,Debit Card,10/24/2025
188,112,6,3125,Credit Card,10/16/2025
189,71,7,2700,E-wallet,4/2/2026
190,108,1,4867,Bank Transfer,10/3/2025
191,83,8,2225,Bank Transfer,8/7/2025
192,4,5,2624,Debit Card,11/23/2025
193,87,5,618,Credit Card,3/9/2026
194,15,8,590,Credit Card,6/10/2025
195,88,3,2343,Bank Transfer,6/2/2025
196,55,4,264,QR Payment,3/24/2026
197,51,3,1620,Bank Transfer,3/3/2026
198,111,7,1808,Credit Card,10/14/2025
199,43,4,3267,Credit Card,1/13/2026
200,85,8,4553,Debit Card,6/11/2025
201,18,7,4156,E-wallet,2/21/2026
202,26,3,2645,Credit Card,1/16/2026
203,39,4,1861,QR Payment,9/20/2025
204,91,3,2933,Credit Card,12/24/2025
205,119,4,1375,Credit Card,1/24/2026
206,41,3,3731,Debit Card,3/11/2026
207,69,2,4089,QR Payment,4/11/2026
208,89,8,76,Credit Card,2/24/2026
209,86,3,56,Bank Transfer,9/23/2025
210,32,6,1287,QR Payment,12/9/2025
211,49,1,3960,Debit Card,7/22/2025
212,109,4,3508,Debit Card,9/28/2025
213,102,7,3715,Bank Transfer,5/17/2026
214,118,7,2497,Debit Card,8/8/2025
215,30,7,4180,QR Payment,1/25/2026
216,70,8,2866,Credit Card,7/7/2025
217,17,6,941,Debit Card,4/13/2026
218,73,7,1279,Bank Transfer,8/23/2025
219,52,4,3665,Bank Transfer,4/9/2026
220,113,8,1088,Credit Card,2/10/2026
221,120,8,2561,E-wallet,6/11/2025
222,117,7,3813,Bank Transfer,3/5/2026
223,106,6,249,Bank Transfer,2/16/2026
224,66,7,1288,Bank Transfer,3/19/2026
225,27,1,1118,E-wallet,7/1/2025
226,92,7,2271,Debit Card,12/3/2025
227,38,4,1756,QR Payment,2/22/2026
228,38,7,1230,E-wallet,6/12/2025
229,29,3,1172,E-wallet,8/20/2025
230,60,1,3497,Credit Card,4/18/2026
231,115,2,4173,QR Payment,12/10/2025
232,94,1,1004,Debit Card,2/17/2026
233,5,6,1803,Debit Card,9/16/2025
234,69,1,2244,Credit Card,2/4/2026
235,73,2,4597,Debit Card,12/20/2025
236,3,1,1991,QR Payment,11/21/2025
237,42,5,1606,E-wallet,5/29/2025
238,2,5,382,E-wallet,9/26/2025
239,37,2,3327,QR Payment,8/25/2025
240,101,2,1894,QR Payment,11/1/2025
241,7,4,4809,Bank Transfer,6/12/2025
242,101,8,3263,E-wallet,4/17/2026
243,11,8,806,Debit Card,5/16/2026
244,41,1,2187,Bank Transfer,9/16/2025
245,32,2,1904,Debit Card,5/25/2025
246,65,8,4032,QR Payment,4/8/2026
247,59,5,3814,Credit Card,12/5/2025
248,108,2,1601,Credit Card,9/12/2025
249,108,6,2327,Bank Transfer,8/13/2025
250,106,7,428,Debit Card,7/11/2025
251,53,5,2339,E-wallet,11/5/2025
252,75,4,1081,Credit Card,10/10/2025
253,76,3,3883,E-wallet,3/27/2026
254,118,5,1420,QR Payment,9/16/2025
255,49,7,2299,E-wallet,8/14/2025
256,52,8,272,Bank Transfer,12/22/2025
257,49,5,1917,QR Payment,12/6/2025
258,114,2,502,E-wallet,5/8/2026
259,88,4,2861,QR Payment,2/1/2026
260,56,5,326,Bank Transfer,7/25/2025
261,40,1,1494,Bank Transfer,3/23/2026
262,98,3,2814,Credit Card,8/2/2025
263,21,4,4945,QR Payment,11/27/2025
264,24,3,1242,QR Payment,7/11/2025
265,58,4,4025,Credit Card,6/12/2025
266,99,4,2189,Debit Card,1/11/2026
267,45,6,3659,Credit Card,3/30/2026
268,78,5,1016,E-wallet,3/8/2026
269,118,3,2052,Bank Transfer,9/13/2025
270,35,6,4523,E-wallet,11/26/2025
271,9,7,2202,QR Payment,5/3/2026
272,115,2,3747,Bank Transfer,11/9/2025
273,27,7,3152,E-wallet,6/28/2025
274,83,8,90,E-wallet,12/10/2025
275,77,1,554,QR Payment,1/2/2026
276,98,5,472,Credit Card,2/24/2026
277,115,2,452,QR Payment,5/11/2026
278,34,4,1306,QR Payment,10/30/2025
279,25,4,4522,Debit Card,9/28/2025
280,111,4,2186,Bank Transfer,7/9/2025
281,103,3,1370,Credit Card,1/23/2026
282,18,4,2183,E-wallet,8/10/2025
283,56,7,3703,Bank Transfer,1/30/2026
284,32,6,3136,Bank Transfer,8/13/2025
285,18,4,3922,QR Payment,2/14/2026
286,17,2,1392,Debit Card,10/18/2025
287,117,4,1512,Credit Card,9/11/2025
288,43,5,3934,Bank Transfer,11/16/2025
289,108,1,1680,Credit Card,10/11/2025
290,103,8,3813,E-wallet,1/17/2026
291,107,2,2563,Debit Card,9/2/2025
292,72,7,4749,Credit Card,10/7/2025
293,115,4,1055,Debit Card,7/30/2025
294,77,7,3331,E-wallet,6/30/2025
295,41,4,850,Bank Transfer,1/3/2026
296,23,3,3712,E-wallet,1/6/2026
297,40,4,698,Bank Transfer,12/20/2025
298,19,6,3567,Debit Card,8/7/2025
299,55,1,2181,E-wallet,10/6/2025
300,79,8,4028,Debit Card,10/7/2025
301,49,8,2707,Credit Card,3/17/2026
302,28,6,916,Bank Transfer,6/18/2025
303,91,8,91,E-wallet,11/16/2025
304,110,8,4868,Debit Card,7/2/2025
305,6,8,2238,E-wallet,9/16/2025
306,11,7,2020,E-wallet,2/12/2026
307,44,4,1049,QR Payment,11/24/2025
308,62,8,230,Bank Transfer,5/1/2026
309,55,2,4920,Debit Card,5/7/2026
310,101,2,246,QR Payment,5/27/2025
311,101,4,4395,Debit Card,8/15/2025
312,53,7,238,Debit Card,10/21/2025
313,76,1,3459,Credit Card,10/3/2025
314,78,5,1677,Debit Card,2/20/2026
315,15,8,2560,Credit Card,11/29/2025
316,95,1,1658,E-wallet,3/16/2026
317,109,5,150,E-wallet,11/9/2025
318,6,5,3341,QR Payment,8/8/2025
319,52,4,814,Debit Card,10/29/2025
320,40,7,772,Debit Card,3/12/2026
321,96,8,3703,Bank Transfer,4/25/2026
322,77,2,1974,E-wallet,5/10/2026
323,67,8,3274,E-wallet,6/20/2025
324,100,3,1700,Debit Card,5/22/2025
325,19,3,2234,E-wallet,9/3/2025
326,90,6,418,QR Payment,5/21/2025
327,62,6,940,Bank Transfer,9/16/2025
328,67,5,3740,Debit Card,3/12/2026
329,108,2,2910,E-wallet,9/8/2025
330,16,7,2233,E-wallet,11/12/2025
331,44,6,2464,Bank Transfer,1/18/2026
332,97,7,1491,Bank Transfer,8/4/2025
333,68,2,2604,E-wallet,8/8/2025
334,39,7,3711,QR Payment,8/3/2025
335,85,8,2234,Debit Card,6/14/2025
336,109,8,297,Bank Transfer,9/19/2025
337,60,7,3560,Credit Card,7/10/2025
338,111,8,755,Bank Transfer,1/27/2026
339,70,1,3968,Debit Card,8/30/2025
340,6,2,2166,QR Payment,8/10/2025
341,29,3,2578,QR Payment,9/21/2025
342,19,3,1475,Debit Card,10/13/2025
343,59,3,3190,Debit Card,1/31/2026
344,10,5,2518,Credit Card,1/8/2026
345,100,7,3474,QR Payment,7/8/2025
346,39,1,2042,Debit Card,3/9/2026
347,96,4,1595,E-wallet,1/20/2026
348,81,6,3089,QR Payment,3/30/2026
349,15,5,3718,Credit Card,8/5/2025
350,53,8,2210,E-wallet,5/30/2025
351,51,6,3852,Bank Transfer,6/16/2025
352,51,8,718,E-wallet,8/24/2025
353,114,1,3124,QR Payment,4/6/2026
354,76,2,3436,QR Payment,6/3/2025
355,55,5,2351,Debit Card,6/6/2025
356,107,2,3107,Credit Card,8/10/2025
357,51,1,899,Debit Card,2/11/2026
358,54,4,724,Debit Card,6/30/2025
359,31,4,2775,Debit Card,4/11/2026
360,119,8,1465,Bank Transfer,9/16/2025
361,10,5,1792,Debit Card,8/5/2025
362,119,5,158,Debit Card,3/28/2026
363,31,4,1249,Debit Card,3/24/2026
364,87,4,3910,Debit Card,8/20/2025
365,79,2,1456,Credit Card,1/1/2026
366,37,1,951,Bank Transfer,4/15/2026
367,48,1,4134,Credit Card,6/27/2025
368,100,7,1872,E-wallet,3/20/2026
369,25,3,2998,QR Payment,2/27/2026
370,5,1,3855,Debit Card,1/30/2026
371,27,5,587,E-wallet,6/9/2025
372,50,2,2170,Credit Card,12/4/2025
373,112,2,1301,Bank Transfer,4/5/2026
374,47,6,4655,Bank Transfer,8/4/2025
375,87,8,2227,Bank Transfer,6/19/2025
376,43,3,3182,Debit Card,4/10/2026
377,10,1,1040,QR Payment,9/21/2025
378,102,8,853,Bank Transfer,6/8/2025
379,65,2,787,Debit Card,10/24/2025
380,99,4,3032,Bank Transfer,1/30/2026
381,15,2,3170,Debit Card,10/15/2025
382,82,4,2021,E-wallet,5/23/2025
383,76,5,3135,QR Payment,6/15/2025
384,94,5,1491,Debit Card,8/26/2025
385,113,2,3404,Credit Card,5/8/2026
386,71,1,779,E-wallet,10/21/2025
387,84,1,2545,Debit Card,2/1/2026
388,51,7,4148,Debit Card,4/1/2026
389,31,7,1350,Bank Transfer,5/21/2025
390,102,2,1494,QR Payment,6/18/2025
391,120,8,4411,Credit Card,1/12/2026
392,59,5,967,Bank Transfer,11/16/2025
393,107,3,1087,QR Payment,2/20/2026
394,15,5,3281,Credit Card,6/9/2025
395,97,6,2319,Credit Card,11/12/2025
396,88,8,4020,QR Payment,1/4/2026
397,19,8,651,Debit Card,2/4/2026
398,116,1,1534,QR Payment,4/11/2026
399,31,6,4934,Credit Card,12/16/2025
400,82,3,2586,Bank Transfer,8/29/2025
401,107,1,1935,E-wallet,5/16/2026
402,8,5,2839,Debit Card,10/1/2025
403,44,3,2175,Credit Card,1/20/2026
404,46,4,790,Debit Card,3/11/2026
405,80,1,3595,E-wallet,8/24/2025
406,5,7,2203,Debit Card,12/6/2025
407,102,7,3354,Debit Card,3/12/2026
408,75,6,4519,QR Payment,12/24/2025
409,110,6,1827,Credit Card,7/1/2025
410,99,4,4026,Credit Card,11/8/2025
411,66,4,977,QR Payment,7/24/2025
412,78,6,349,E-wallet,9/9/2025
413,53,3,1299,E-wallet,5/26/2025
414,76,3,1441,Bank Transfer,12/11/2025
415,92,8,3639,E-wallet,8/15/2025
416,79,6,3519,Debit Card,10/18/2025
417,94,5,2425,Debit Card,10/6/2025
418,42,8,2595,E-wallet,9/16/2025
419,34,3,3668,Credit Card,10/22/2025
420,38,5,1486,Credit Card,1/16/2026
421,93,6,575,Credit Card,11/25/2025
422,54,2,3662,E-wallet,6/26/2025
423,7,5,3530,QR Payment,8/4/2025
424,86,8,4991,Credit Card,2/18/2026
425,118,3,1598,QR Payment,7/16/2025
426,26,2,3638,E-wallet,11/29/2025
427,100,8,456,QR Payment,4/22/2026
428,51,7,3589,Bank Transfer,4/1/2026
429,70,6,3175,QR Payment,9/5/2025
430,115,7,381,Bank Transfer,6/8/2025
431,59,1,1701,QR Payment,9/23/2025
432,99,6,4476,Debit Card,9/12/2025
433,114,4,2987,QR Payment,9/8/2025
434,9,1,2041,Bank Transfer,5/25/2025
435,53,3,3965,Bank Transfer,3/29/2026
436,20,4,1297,E-wallet,9/16/2025
437,96,7,854,Debit Card,4/6/2026
438,8,7,3342,QR Payment,6/3/2025
439,102,7,485,E-wallet,10/3/2025
440,59,5,2413,Bank Transfer,7/27/2025
441,84,3,1335,Credit Card,2/19/2026
442,19,1,3174,Credit Card,9/14/2025
443,41,8,4031,Debit Card,1/3/2026
444,54,1,1804,Debit Card,5/7/2026
445,113,5,3448,Debit Card,10/21/2025
446,36,2,2996,Credit Card,9/11/2025
447,100,7,2854,Debit Card,7/11/2025
448,86,6,2301,Debit Card,5/26/2025
449,52,4,2601,Debit Card,8/12/2025
450,3,7,4985,E-wallet,1/7/2026
451,28,7,3122,Bank Transfer,2/13/2026
452,102,1,3647,Debit Card,6/19/2025
453,37,8,4042,E-wallet,1/27/2026
454,17,8,1877,QR Payment,1/25/2026
455,52,3,2262,Debit Card,8/25/2025
456,19,2,3469,Credit Card,11/5/2025
457,25,8,561,Bank Transfer,11/7/2025
458,91,3,940,QR Payment,11/7/2025
459,32,4,3459,QR Payment,5/26/2025
460,19,5,108,E-wallet,12/18/2025
461,117,4,610,E-wallet,7/20/2025
462,3,3,219,Bank Transfer,9/14/2025
463,107,7,774,Bank Transfer,4/7/2026
464,100,5,385,Bank Transfer,12/4/2025
465,114,7,1630,Credit Card,11/3/2025
466,52,5,3510,Credit Card,10/29/2025
467,45,2,1059,Bank Transfer,5/13/2026
468,6,1,1134,QR Payment,8/1/2025
469,78,6,1915,Bank Transfer,8/4/2025
470,46,7,1878,QR Payment,8/29/2025
471,18,1,1250,Debit Card,11/16/2025
472,21,2,3701,QR Payment,2/6/2026
473,14,7,4697,QR Payment,7/28/2025
474,76,2,2483,E-wallet,8/14/2025
475,67,3,4892,Credit Card,3/28/2026
476,48,4,181,E-wallet,10/14/2025
477,38,4,2407,Credit Card,7/5/2025
478,97,5,581,Debit Card,4/8/2026
479,98,4,2670,Debit Card,8/8/2025
480,35,1,535,Bank Transfer,10/15/2025
481,91,7,3235,Bank Transfer,2/22/2026
482,120,3,699,E-wallet,3/7/2026
483,75,5,158,Debit Card,5/5/2026
484,28,1,1575,QR Payment,10/5/2025
485,85,8,4081,Credit Card,12/24/2025
486,26,8,2057,Bank Transfer,1/6/2026
487,96,7,1159,QR Payment,9/10/2025
488,103,8,3633,Credit Card,7/30/2025
489,31,1,524,E-wallet,3/20/2026
490,77,1,4555,Credit Card,6/24/2025
491,87,4,2469,QR Payment,8/27/2025
492,57,3,4807,QR Payment,8/20/2025
493,107,5,318,Credit Card,10/8/2025
494,108,2,1667,E-wallet,4/7/2026
495,8,7,4171,Credit Card,10/30/2025
496,59,4,2672,Bank Transfer,5/7/2026
497,50,7,2272,QR Payment,9/25/2025
498,86,1,2456,E-wallet,7/6/2025
499,85,6,1343,Debit Card,4/26/2026
500,106,6,1449,E-wallet,5/15/2026
501,33,7,3335,Bank Transfer,1/1/2026
502,64,4,2161,Debit Card,6/9/2025
503,84,3,4895,Bank Transfer,3/21/2026
504,6,5,1799,Credit Card,1/13/2026
505,101,8,693,Credit Card,12/1/2025
506,117,6,465,QR Payment,7/12/2025
507,107,8,2484,Debit Card,7/19/2025
508,83,6,794,Debit Card,9/21/2025
509,16,1,4772,Debit Card,7/19/2025
510,41,1,3365,E-wallet,9/14/2025
511,93,4,4527,E-wallet,10/30/2025
512,20,1,3114,Debit Card,12/8/2025
513,12,5,1432,Debit Card,3/1/2026
514,13,4,3590,Bank Transfer,1/11/2026
515,5,5,1669,Bank Transfer,1/24/2026
516,41,5,914,Credit Card,6/13/2025
517,48,6,4211,E-wallet,5/21/2025
518,107,1,2279,QR Payment,9/19/2025
519,16,8,3873,E-wallet,8/22/2025
520,64,8,4920,Debit Card,7/14/2025
521,80,6,4850,E-wallet,9/15/2025
522,10,7,1194,Bank Transfer,10/11/2025
523,93,7,4988,E-wallet,2/14/2026
524,115,3,3769,Credit Card,1/11/2026
525,85,2,2641,E-wallet,12/16/2025
526,35,6,931,E-wallet,7/2/2025
527,32,5,4185,E-wallet,12/18/2025
528,54,5,2687,Bank Transfer,4/3/2026
529,113,1,2857,Debit Card,9/30/2025
530,30,2,3386,E-wallet,2/25/2026
531,64,3,3345,Credit Card,10/11/2025
532,4,8,3357,Credit Card,6/7/2025
533,46,8,4888,Credit Card,12/6/2025
534,9,2,3744,Bank Transfer,10/31/2025
535,29,3,3739,Credit Card,11/7/2025
536,84,7,2053,Bank Transfer,5/12/2026
537,117,1,4583,Debit Card,2/24/2026
538,60,6,4779,Debit Card,2/6/2026
539,50,8,4820,E-wallet,1/19/2026
540,50,7,2020,Credit Card,10/14/2025
541,62,1,2714,QR Payment,11/4/2025
542,5,1,2025,QR Payment,1/21/2026
543,15,3,1997,E-wallet,5/22/2025
544,84,2,4464,QR Payment,9/24/2025
545,84,2,1606,Credit Card,12/13/2025
546,14,7,4162,Debit Card,9/3/2025
547,14,4,4861,QR Payment,11/18/2025
548,44,8,4995,Debit Card,8/21/2025
549,61,1,1188,QR Payment,8/11/2025
550,98,2,1215,Bank Transfer,2/27/2026
551,39,8,550,Bank Transfer,1/9/2026
552,21,5,3336,Bank Transfer,7/7/2025
553,86,6,980,Debit Card,12/9/2025
554,71,1,4205,E-wallet,9/20/2025
555,30,3,3147,QR Payment,8/12/2025
556,117,7,3602,Bank Transfer,1/18/2026
557,22,7,975,QR Payment,12/1/2025
558,44,8,3886,QR Payment,7/12/2025
559,83,7,311,Credit Card,3/7/2026
560,32,5,162,Credit Card,1/15/2026
561,18,4,466,Debit Card,7/8/2025
562,16,4,4206,Credit Card,4/4/2026
563,119,6,696,Bank Transfer,6/18/2025
564,46,4,3228,QR Payment,9/19/2025
565,86,4,2347,Bank Transfer,8/12/2025
566,64,1,2352,Bank Transfer,1/7/2026
567,71,8,4468,Bank Transfer,12/26/2025
568,72,2,1451,Debit Card,5/3/2026
569,43,7,3144,Bank Transfer,12/21/2025
570,108,1,23,QR Payment,2/9/2026
571,97,2,2296,Credit Card,12/6/2025
572,39,5,3655,QR Payment,8/9/2025
573,112,6,1450,Debit Card,1/15/2026
574,71,7,1577,Credit Card,3/30/2026
575,47,7,3157,Debit Card,3/1/2026
576,83,6,1140,QR Payment,12/13/2025
577,1,7,847,Credit Card,3/20/2026
578,42,5,4064,Bank Transfer,8/22/2025
579,102,2,2485,QR Payment,4/1/2026
580,116,4,2667,Credit Card,5/24/2025
581,113,2,4854,Debit Card,8/8/2025
582,39,2,4518,Debit Card,7/2/2025
583,33,3,3184,Credit Card,1/2/2026
584,3,8,187,Credit Card,3/10/2026
585,7,5,4325,Credit Card,10/19/2025
586,116,3,4682,Bank Transfer,11/21/2025
587,18,7,998,QR Payment,12/18/2025
588,58,1,3424,Bank Transfer,6/25/2025
589,55,1,4305,E-wallet,4/3/2026
590,100,6,76,Credit Card,1/23/2026
591,33,3,4606,E-wallet,10/30/2025
592,18,8,4214,E-wallet,5/27/2025
593,74,7,4352,Bank Transfer,5/19/2026
594,91,1,4777,Bank Transfer,3/27/2026
595,108,8,2449,Debit Card,4/12/2026
596,112,7,482,Credit Card,11/28/2025
597,80,3,2518,Credit Card,12/10/2025
598,5,4,4397,Credit Card,9/10/2025
599,16,8,1446,E-wallet,3/3/2026
600,1,3,2883,Credit Card,1/17/2026
601,45,4,1585,QR Payment,12/11/2025
602,53,7,1185,Debit Card,8/14/2025
603,77,3,4839,Bank Transfer,4/24/2026
604,103,3,4080,Debit Card,11/14/2025
605,80,2,2774,Credit Card,4/27/2026
606,116,1,2508,Credit Card,7/22/2025
607,60,1,3189,QR Payment,5/24/2025
608,86,4,1761,Debit Card,11/26/2025
609,61,1,1524,Bank Transfer,3/22/2026
610,83,4,4800,Credit Card,1/4/2026
611,91,7,3486,Bank Transfer,8/27/2025
612,39,5,3094,E-wallet,12/1/2025
613,6,7,2935,QR Payment,2/22/2026
614,88,1,2799,E-wallet,7/12/2025
615,73,2,4559,Debit Card,6/19/2025
616,25,1,4885,Bank Transfer,4/13/2026
617,115,2,3790,Credit Card,11/12/2025
618,19,6,4324,Credit Card,9/12/2025
619,58,6,3082,E-wallet,3/7/2026
620,95,7,3052,Debit Card,9/9/2025
621,47,4,4070,QR Payment,9/23/2025
622,86,6,360,E-wallet,1/25/2026
623,71,3,1766,E-wallet,2/2/2026
624,66,5,4941,QR Payment,9/5/2025
625,39,8,157,E-wallet,5/29/2025
626,20,6,1124,E-wallet,10/30/2025
627,102,7,4136,Credit Card,5/29/2025
628,115,6,3137,E-wallet,4/7/2026
629,57,4,1468,QR Payment,7/15/2025
630,15,1,2359,Credit Card,5/24/2025
631,85,7,3610,Debit Card,10/24/2025
632,27,2,1022,E-wallet,11/7/2025
633,65,2,3772,E-wallet,12/8/2025
634,26,7,2115,Credit Card,8/4/2025
635,116,6,2617,Credit Card,9/10/2025
636,15,5,889,Debit Card,12/31/2025
637,112,7,609,E-wallet,9/26/2025
638,118,1,694,E-wallet,1/22/2026
639,84,5,1046,Credit Card,6/14/2025
640,86,8,4145,Debit Card,10/21/2025
641,76,5,3468,Bank Transfer,11/6/2025
642,101,3,1769,Bank Transfer,6/9/2025
643,91,5,256,Debit Card,3/12/2026
644,70,5,3716,Credit Card,12/30/2025
645,17,6,1132,Credit Card,12/22/2025
646,68,8,3991,Bank Transfer,7/14/2025
647,102,1,227,Debit Card,8/16/2025
648,96,6,3597,E-wallet,8/15/2025
649,80,2,4784,E-wallet,10/7/2025
650,13,3,2112,Debit Card,2/10/2026
651,65,4,3592,Debit Card,11/7/2025
652,55,1,4001,E-wallet,6/7/2025
653,35,5,3366,Bank Transfer,4/25/2026
654,28,3,636,Debit Card,5/24/2025
655,41,1,2613,E-wallet,6/12/2025
656,54,6,1099,E-wallet,9/4/2025
657,116,3,4848,Credit Card,6/10/2025
658,119,8,3707,Credit Card,5/28/2025
659,101,4,3157,Credit Card,1/2/2026
660,22,2,1662,Bank Transfer,4/14/2026
661,82,5,604,QR Payment,4/26/2026
662,15,2,3622,Debit Card,9/24/2025
663,7,7,3972,Credit Card,8/20/2025
664,79,5,895,Debit Card,5/20/2025
665,76,7,649,Credit Card,1/19/2026
666,3,4,1610,QR Payment,9/9/2025
667,14,3,2172,QR Payment,6/24/2025
668,46,6,4752,E-wallet,4/27/2026
669,101,3,836,Bank Transfer,8/30/2025
670,91,7,2263,Debit Card,1/23/2026
671,16,3,115,Debit Card,2/18/2026
672,37,5,716,QR Payment,10/31/2025
673,13,4,3122,Bank Transfer,4/27/2026
674,102,5,731,Bank Transfer,4/28/2026
675,42,8,4305,E-wallet,5/2/2026
676,90,5,2597,Credit Card,5/15/2026
677,55,7,2084,Bank Transfer,7/25/2025
678,74,5,724,Debit Card,3/19/2026
679,67,8,1639,Debit Card,5/10/2026
680,93,4,163,Debit Card,4/12/2026
681,25,4,36,E-wallet,1/1/2026
682,67,3,213,Debit Card,4/24/2026
683,24,3,3408,Debit Card,12/11/2025
684,28,2,4064,E-wallet,3/29/2026
685,103,8,3094,Debit Card,8/9/2025
686,76,8,514,Bank Transfer,9/8/2025
687,79,5,1482,QR Payment,3/4/2026
688,80,7,2648,E-wallet,10/12/2025
689,16,5,2912,QR Payment,4/4/2026
690,24,8,4118,Debit Card,8/3/2025
691,115,4,2425,Credit Card,8/22/2025
692,120,5,4122,E-wallet,10/27/2025
693,52,8,3449,Bank Transfer,5/25/2025
694,56,1,4080,Bank Transfer,12/14/2025
695,60,5,2418,Credit Card,8/19/2025
696,79,7,4077,Credit Card,1/26/2026
697,93,6,757,Credit Card,3/27/2026
698,32,4,2861,Debit Card,1/27/2026
699,2,2,4902,Bank Transfer,12/19/2025
700,115,5,4530,Credit Card,7/12/2025
701,76,3,1810,Bank Transfer,9/3/2025
702,49,2,1711,Credit Card,4/25/2026
703,21,1,276,Credit Card,9/13/2025
704,48,1,4298,Debit Card,8/19/2025
705,86,5,3510,Credit Card,1/7/2026
706,116,5,3684,Credit Card,1/10/2026
707,74,1,1308,QR Payment,3/22/2026
708,93,7,3262,E-wallet,11/28/2025
709,72,8,3835,E-wallet,10/17/2025
710,23,2,2513,QR Payment,10/7/2025
711,17,8,2013,E-wallet,6/1/2025
712,120,3,4582,Bank Transfer,11/6/2025
713,26,6,1536,Bank Transfer,8/18/2025
714,108,3,4660,E-wallet,9/10/2025
715,21,8,1657,QR Payment,9/4/2025
716,100,8,729,Bank Transfer,7/18/2025
717,29,5,2874,QR Payment,10/26/2025
718,33,8,407,QR Payment,8/31/2025
719,34,8,830,QR Payment,10/28/2025
720,112,3,633,QR Payment,5/20/2025
721,29,5,2869,QR Payment,12/22/2025
722,90,6,129,QR Payment,6/24/2025
723,29,4,4074,Debit Card,2/7/2026
724,18,6,632,Credit Card,12/9/2025
725,5,2,494,QR Payment,3/4/2026
726,53,6,1585,E-wallet,2/4/2026
727,13,2,1463,E-wallet,4/21/2026
728,118,5,4603,Debit Card,8/24/2025
729,68,4,4721,Debit Card,3/11/2026
730,25,3,4897,Debit Card,4/4/2026
731,38,2,1052,Bank Transfer,12/1/2025
732,18,7,2369,Credit Card,8/26/2025
733,47,5,4621,Bank Transfer,12/15/2025
734,85,7,4712,Credit Card,8/25/2025
735,87,4,4355,Debit Card,9/5/2025
736,53,3,1253,QR Payment,4/12/2026
737,20,8,2869,Bank Transfer,9/10/2025
738,86,1,4659,Bank Transfer,10/23/2025
739,55,3,3775,E-wallet,7/6/2025
740,59,7,1803,Bank Transfer,9/23/2025
741,33,6,1770,Credit Card,3/30/2026
742,56,3,2271,Credit Card,11/21/2025
743,21,4,2068,Credit Card,9/22/2025
744,29,4,3264,Debit Card,12/6/2025
745,63,4,3798,Debit Card,1/31/2026
746,6,3,722,QR Payment,2/24/2026
747,91,5,4390,E-wallet,4/4/2026
748,72,1,4950,E-wallet,7/10/2025
749,89,2,2357,Bank Transfer,11/14/2025
750,15,2,2253,Bank Transfer,1/30/2026
751,43,2,2464,QR Payment,11/24/2025
752,10,8,1542,Bank Transfer,9/28/2025
753,64,1,2127,Credit Card,4/6/2026
754,29,4,4710,Credit Card,9/23/2025
755,100,2,820,Credit Card,10/6/2025
756,78,5,1085,E-wallet,9/16/2025
757,17,5,2314,E-wallet,1/17/2026
758,53,8,249,E-wallet,5/6/2026
759,68,5,165,Debit Card,3/16/2026
760,75,7,1437,Bank Transfer,4/22/2026
761,52,3,2183,Debit Card,11/9/2025
762,102,4,4510,QR Payment,6/18/2025
763,102,1,3588,Bank Transfer,2/17/2026
764,72,5,1646,QR Payment,2/24/2026
765,75,2,2956,Bank Transfer,8/1/2025
766,50,7,1051,E-wallet,5/3/2026
767,94,4,857,E-wallet,5/16/2026
768,70,4,4566,Debit Card,8/23/2025
769,115,5,1605,E-wallet,3/16/2026
770,21,5,1068,Credit Card,3/17/2026
771,29,5,1004,Credit Card,8/16/2025
772,102,4,4994,E-wallet,1/4/2026
773,83,6,3566,QR Payment,1/17/2026
774,18,3,4733,Credit Card,4/30/2026
775,119,5,2396,QR Payment,1/5/2026
776,25,5,2973,Bank Transfer,4/26/2026
777,106,4,1208,Bank Transfer,12/15/2025
778,117,3,1584,QR Payment,7/1/2025
779,38,5,4595,Credit Card,6/6/2025
780,17,8,209,QR Payment,5/28/2025
781,19,5,3309,Debit Card,10/22/2025
782,9,6,3988,QR Payment,8/29/2025
783,35,3,2524,Debit Card,2/11/2026
784,38,5,107,Credit Card,6/11/2025
785,37,4,2882,QR Payment,7/5/2025
786,113,2,988,Bank Transfer,4/26/2026
787,48,5,2006,Credit Card,4/19/2026
788,116,1,4433,QR Payment,8/7/2025
789,96,6,824,QR Payment,5/8/2026
790,27,5,1250,E-wallet,6/14/2025
791,92,1,4431,Bank Transfer,11/29/2025
792,74,5,1684,Debit Card,1/1/2026
793,57,3,2084,Credit Card,12/2/2025
794,106,7,3850,QR Payment,10/28/2025
795,5,8,832,Debit Card,2/14/2026
796,100,8,4381,E-wallet,4/22/2026
797,38,5,130,Debit Card,11/22/2025
798,35,4,3521,E-wallet,12/6/2025
799,14,1,437,Credit Card,3/2/2026
800,25,6,2875,Credit Card,4/20/2026
801,15,2,4057,Bank Transfer,1/12/2026
802,106,5,4679,Bank Transfer,11/2/2025
803,105,1,3788,Bank Transfer,4/28/2026
804,64,6,3987,Bank Transfer,4/26/2026
805,56,2,4411,QR Payment,3/20/2026
806,3,3,4371,Bank Transfer,11/6/2025
807,2,8,991,Debit Card,1/27/2026
808,77,2,4902,QR Payment,8/3/2025
809,78,6,467,Debit Card,2/14/2026
810,52,4,4484,Bank Transfer,8/20/2025
811,110,5,3792,E-wallet,3/1/2026
812,94,7,4509,E-wallet,11/11/2025
813,100,2,3844,Bank Transfer,6/21/2025
814,95,6,1618,E-wallet,3/2/2026
815,6,7,677,E-wallet,7/27/2025
816,75,7,2503,Bank Transfer,2/26/2026
817,24,5,2490,Credit Card,9/28/2025
818,56,6,4540,E-wallet,4/1/2026
819,25,1,103,QR Payment,6/29/2025
820,1,5,2972,Credit Card,8/22/2025
821,79,7,2181,E-wallet,4/19/2026
822,29,7,2043,E-wallet,1/8/2026
823,8,2,232,QR Payment,1/8/2026
824,113,8,4521,QR Payment,1/26/2026
825,99,1,823,E-wallet,5/12/2026
826,64,5,2075,Debit Card,2/14/2026
827,94,3,3447,QR Payment,12/3/2025
828,17,2,4210,Bank Transfer,12/21/2025
829,83,3,1685,Bank Transfer,7/19/2025
830,73,2,2266,QR Payment,12/28/2025
831,95,2,1137,Credit Card,6/19/2025
832,118,4,304,QR Payment,2/26/2026
833,28,3,2337,Debit Card,3/19/2026
834,14,4,4316,Credit Card,7/10/2025
835,116,6,4395,Debit Card,12/5/2025
836,5,8,1628,Debit Card,5/21/2025
837,107,6,1943,E-wallet,3/20/2026
838,78,7,3732,Credit Card,9/13/2025
839,54,1,2012,QR Payment,1/5/2026
840,107,4,3482,E-wallet,1/31/2026
841,31,4,1128,E-wallet,10/24/2025
842,60,1,1697,QR Payment,5/29/2025
843,15,6,4441,Credit Card,9/13/2025
844,18,1,3825,E-wallet,7/20/2025
845,17,7,3359,Debit Card,3/23/2026
846,90,6,4823,QR Payment,5/25/2025
847,38,2,1526,E-wallet,4/19/2026
848,85,2,4247,Debit Card,5/10/2026
849,64,5,2182,E-wallet,8/20/2025
850,12,8,61,E-wallet,12/22/2025
851,76,2,4558,Bank Transfer,1/28/2026
852,109,5,1344,QR Payment,6/19/2025
853,94,1,2808,Credit Card,4/27/2026
854,109,1,3717,E-wallet,9/8/2025
855,56,2,4574,QR Payment,12/1/2025
856,15,7,259,QR Payment,3/30/2026
857,80,2,1972,E-wallet,4/28/2026
858,71,7,4111,E-wallet,4/22/2026
859,16,8,754,Bank Transfer,4/19/2026
860,25,7,2682,QR Payment,8/9/2025
861,66,6,1021,E-wallet,11/7/2025
862,66,6,3042,Bank Transfer,10/15/2025
863,38,5,1759,Bank Transfer,7/12/2025
864,62,8,1100,Debit Card,2/24/2026
865,70,7,4867,Debit Card,8/17/2025
866,30,3,2290,Bank Transfer,7/21/2025
867,61,8,4213,QR Payment,2/10/2026
868,116,4,2562,Credit Card,7/21/2025
869,2,3,3716,Credit Card,1/29/2026
870,62,2,1420,Bank Transfer,12/15/2025
871,12,5,1208,Debit Card,7/5/2025
872,72,4,3750,Bank Transfer,5/14/2026
873,84,6,1011,E-wallet,2/16/2026
874,98,6,2135,Bank Transfer,2/13/2026
875,77,5,4449,Credit Card,3/24/2026
876,99,5,714,E-wallet,3/7/2026
877,118,4,1104,Bank Transfer,2/15/2026
878,43,2,4405,Bank Transfer,8/30/2025
879,50,8,808,E-wallet,10/3/2025
880,68,8,4871,E-wallet,12/26/2025
881,112,5,1205,Bank Transfer,1/15/2026
882,31,5,752,Debit Card,4/15/2026
883,100,8,83,QR Payment,7/18/2025
884,57,6,1741,E-wallet,5/22/2025
885,8,3,446,E-wallet,9/18/2025
886,109,6,772,Credit Card,11/10/2025
887,27,3,3856,Debit Card,7/11/2025
888,4,5,3823,Credit Card,2/27/2026
889,99,4,540,Credit Card,12/8/2025
890,10,2,2099,Debit Card,11/3/2025
891,31,3,3698,Debit Card,7/25/2025
892,20,5,1408,Debit Card,4/9/2026
893,75,8,2475,E-wallet,10/6/2025
894,17,7,2909,Credit Card,8/27/2025
895,47,5,2072,QR Payment,8/26/2025
896,22,6,1864,Credit Card,6/5/2025
897,97,1,3153,Bank Transfer,2/9/2026
898,110,3,3178,Credit Card,4/11/2026
899,6,5,1866,Debit Card,9/26/2025
900,72,7,882,Credit Card,8/25/2025
901,43,3,857,E-wallet,9/1/2025
902,11,5,4534,Bank Transfer,3/6/2026
903,111,1,558,QR Payment,12/7/2025
904,32,8,774,Debit Card,9/20/2025
905,4,7,2064,E-wallet,3/16/2026
906,13,3,3067,Debit Card,8/7/2025
907,114,3,4000,E-wallet,12/3/2025
908,40,6,4932,QR Payment,9/9/2025
909,94,2,543,Credit Card,1/18/2026
910,2,3,3791,E-wallet,6/1/2025
911,87,4,2133,Debit Card,2/28/2026
912,79,1,4095,Credit Card,1/23/2026
913,48,7,1908,E-wallet,2/19/2026
914,103,4,1883,Credit Card,5/3/2026
915,31,5,4283,E-wallet,4/22/2026
916,61,7,390,E-wallet,11/13/2025
917,120,8,2299,Credit Card,4/29/2026
918,114,1,2416,Bank Transfer,11/1/2025
919,19,7,1283,Credit Card,3/17/2026
920,97,5,4316,Debit Card,10/22/2025
921,37,5,2442,Credit Card,9/1/2025
922,17,5,1537,Bank Transfer,3/5/2026
923,75,3,3645,QR Payment,5/14/2026
924,104,3,3927,Credit Card,2/23/2026
925,12,3,3725,E-wallet,2/16/2026
926,62,2,4068,E-wallet,9/8/2025
927,25,1,1348,E-wallet,9/29/2025
928,95,5,306,E-wallet,6/9/2025
929,87,7,2095,Debit Card,3/30/2026
930,68,2,2114,Bank Transfer,1/4/2026
931,76,1,4145,QR Payment,3/11/2026
932,36,8,4416,Bank Transfer,5/28/2025
933,33,4,4345,Credit Card,4/16/2026
934,102,1,4535,Credit Card,11/27/2025
935,70,8,3018,Bank Transfer,10/23/2025
936,50,7,2210,QR Payment,1/14/2026
937,74,4,4718,Debit Card,1/2/2026
938,68,3,216,Bank Transfer,7/18/2025
939,93,1,3968,QR Payment,4/25/2026
940,74,8,1551,Debit Card,2/12/2026
941,26,6,3306,E-wallet,8/13/2025
942,34,6,3980,Debit Card,12/18/2025
943,29,7,2320,Credit Card,9/19/2025
944,22,5,1315,E-wallet,10/1/2025
945,73,8,849,QR Payment,10/2/2025
946,106,8,2013,E-wallet,11/26/2025
947,26,5,2400,Bank Transfer,12/5/2025
948,10,1,2158,QR Payment,7/29/2025
949,89,6,3729,Credit Card,3/30/2026
950,102,5,3190,E-wallet,3/20/2026
951,27,1,3455,Debit Card,10/7/2025
952,5,4,2994,QR Payment,5/11/2026
953,19,5,1227,Credit Card,2/13/2026
954,78,4,561,QR Payment,4/29/2026
955,59,7,732,Credit Card,6/27/2025
956,77,8,2915,QR Payment,2/4/2026
957,112,2,2266,Credit Card,9/12/2025
958,16,4,2015,Bank Transfer,8/10/2025
959,80,8,3976,QR Payment,9/15/2025
960,112,6,2497,Credit Card,3/14/2026
961,77,8,3038,QR Payment,2/2/2026
962,120,5,1027,Credit Card,5/23/2025
963,94,2,1132,Debit Card,5/28/2025
964,75,4,2167,Bank Transfer,8/14/2025
965,92,3,1660,Debit Card,7/12/2025
966,110,8,2301,E-wallet,2/14/2026
967,113,3,1213,Credit Card,11/13/2025
968,33,7,465,QR Payment,6/20/2025
969,5,7,1403,Credit Card,2/3/2026
970,8,3,2151,E-wallet,12/15/2025
971,77,3,4738,QR Payment,4/3/2026
972,37,5,1953,Debit Card,11/23/2025
973,6,4,569,Bank Transfer,5/21/2025
974,51,1,1758,Credit Card,8/16/2025
975,29,1,4651,Bank Transfer,5/14/2026
976,69,7,478,Credit Card,5/13/2026
977,94,3,3380,E-wallet,8/27/2025
978,56,1,696,Bank Transfer,3/9/2026
979,52,7,714,E-wallet,3/28/2026
980,85,8,587,E-wallet,12/20/2025
981,102,4,926,Debit Card,4/8/2026
982,100,1,95,Debit Card,5/24/2025
983,16,7,4037,Credit Card,11/12/2025
984,24,5,2364,Credit Card,5/7/2026
985,48,4,2914,QR Payment,3/27/2026
986,37,1,1400,Credit Card,5/4/2026
987,87,3,4098,Credit Card,12/28/2025
988,64,5,3978,Credit Card,4/21/2026
989,7,4,4952,E-wallet,6/20/2025
990,98,8,2574,Bank Transfer,9/5/2025
991,102,7,1664,QR Payment,11/5/2025
992,6,5,96,E-wallet,11/2/2025
993,8,8,2140,E-wallet,7/21/2025
994,36,3,908,E-wallet,1/6/2026
995,51,4,149,E-wallet,8/15/2025
996,69,2,3267,Bank Transfer,4/5/2026
997,66,8,1561,QR Payment,11/13/2025
998,67,1,1410,E-wallet,12/15/2025
999,113,1,3178,E-wallet,12/8/2025
1000,88,8,2893,E-wallet,3/15/2026
