user_id,full_name,city,occupation
1,Malcolm Devenish,General Pico,Engineer
2,Robert Jeffreys,Gubat,Office Worker
3,Rica Farahar,Banjar Danginsema,Student
4,Annemarie Pyford,Longhua,Freelancer
5,Bryn Myott,Spitsevka,Engineer
6,Randee Stonehewer,Tutup,Engineer
7,Kassey Bambrick,Blagaj,Engineer
8,Rowan Labden,Ajuda,Student
9,Corabel Barwood,Cipeundeuy,Engineer
10,Elspeth Boam,Telpaneca,Engineer
11,Benoit Balaison,Tongjiang,Engineer
12,Shirlene Sichardt,Unión,Engineer
13,Cornell Dowthwaite,Solna,Office Worker
14,Pammy Rixon,Stanari,Engineer
15,Brandyn Cawse,Zaječar,Office Worker
16,Pinchas Heasley,Finspång,Freelancer
17,Lewes McSporrin,Shiojiri,Student
18,Evangeline Krzyzanowski,Valinhos,Student
19,Roger Brunetti,Marne-la-Vallée,Student
20,Shea Nani,Sebegen,Freelancer
21,Cati Challenger,Yuci,Freelancer
22,Roby Brandts,Guaiúba,Freelancer
23,Electra Harkess,Tanggung,Student
24,Leona Newbury,Strazhitsa,Student
25,Hewie Ribbens,Telsiai,Freelancer
26,Matthew Spata,Guanlu,Engineer
27,Koren Gaylard,Youwei,Freelancer
28,Katya Hunnisett,Matou,Freelancer
29,Anton Kinnane,Catanduva,Engineer
30,Melanie Horsfield,Jetis,Student
31,Brew Kareman,Weixin,Freelancer
32,Herbert Shankster,Chợ Mới,Student
33,Brok Claypole,Dado,Student
34,Nady Jakov,Сарај,Student
35,Hewet Chipman,Hoi,Office Worker
36,Noby Ixer,Biguo,Student
37,Huberto Meggison,Khorramābād,Engineer
38,Tyler Tedorenko,Tilik,Office Worker
39,Rossy Enterle,Masoyila,Office Worker
40,Trish Ragles,Dobre Miasto,Engineer
41,Maribel Albiston,Xiwang,Freelancer
42,Natalee Millichip,Succha,Office Worker
43,Marrilee Daily,Sukamenak,Freelancer
44,Valry Massingham,Ashikaga,Student
45,Barnebas Nuttall,Dzvinogrud,Office Worker
46,Melisse Bolstridge,Pereira,Engineer
47,Bren Basham,Daying,Student
48,Melody Critchell,Geita,Engineer
49,Towney MacCumiskey,Limoges,Office Worker
50,Clement Portchmouth,Moro,Freelancer
51,Shena Vanyarkin,Union,Freelancer
52,Stefanie Dragge,Cedry Wielkie,Student
53,Elicia Birdwistle,Ivanec,Student
54,Leta McConnell,Manta,Student
55,Gottfried McKearnen,Golopau,Office Worker
56,Fernanda Obray,Storozhynets’,Freelancer
57,Lusa Sibbons,Zamostochcha,Student
58,Wendye Stubbings,Dananyu,Freelancer
59,Carlos Delacroux,Olszanica,Student
60,Latrina Niles,Frydek,Freelancer
61,Kirbie Roget,Morales,Engineer
62,Sharyl Gammage,Iguape,Engineer
63,Hedwig Masterman,Wuyang,Office Worker
64,Clarisse Garfath,Kuasha,Freelancer
65,Elisabeth Bennoe,Pęczniew,Freelancer
66,Corty Issatt,Varberg,Freelancer
67,Yves Kirkebye,Kuandian,Engineer
68,Violet Juliff,Dalun,Freelancer
69,Freeland Forrest,Laxey,Office Worker
70,Juliet Calleja,Phayakkhaphum Phisai,Engineer
71,Libby Menguy,Parksville,Office Worker
72,Hillier Hamm,Pasirpanjang,Freelancer
73,Davidde Fagg,Brodnica,Engineer
74,Ahmad Riche,Líně,Freelancer
75,Ross Mathes,Minyue,Freelancer
76,Ferrell Severns,Gongchang Zhen,Freelancer
77,Farleigh Rother,Jatiwangi,Freelancer
78,Susanetta Klulik,Courelas Bravas,Student
79,Farlay Hubane,Paledang,Office Worker
80,Prue Bamsey,Kimhae,Freelancer
81,Brendan Hutsby,Gunungkoneng,Freelancer
82,Diena Barnes,Rajapeni,Office Worker
83,Eleen Ivashkov,Passa Quatro,Office Worker
84,Park Murrhardt,Wahai,Office Worker
85,Stanley McFaell,Szczerbice,Engineer
86,Kevon Fowley,Linares,Freelancer
87,Glenn Rendbaek,Custóias,Freelancer
88,Wood Ullock,Palaran,Student
89,Lucila Girdler,Solna,Freelancer
90,Therine Lepick,Bastan,Engineer
91,Alonzo Paik,Blackfalds,Freelancer
92,Jamey Houseman,Palaió Fáliro,Office Worker
93,Bartolemo McElane,Demak,Student
94,Hilary Buttriss,Catriel,Office Worker
95,Ruthann Sorro,Vale de Touros,Office Worker
96,Angelique Kille,Randudongkal,Freelancer
97,Evonne Lord,Bystřany,Student
98,Guendolen Parkhouse,Nowy Dwór Mazowiecki,Office Worker
99,Homer Stile,Kandana,Freelancer
100,Crichton Rowling,Leigongmiao,Freelancer
